"3",""
"22",""
"23",""
"24",""
"25",""
"26",""
"27",""
"28",""
"29","1940"
"30",""
"31",""
"34",""
"36",""
"37",""
"38",""
"39",""
"40",""
"41",""
"42",""
"43",""
"44",""
"45",""
"46",""
"47",""
"48",""
"49",""
"50",""
"51",""
"52",""
"53",""
"54",""
"55",""
"56",""
"57",""
"58",""
"59",""
"60",""
"61",""
"62",""
"63",""
"64",""
"65",""
"66",""
"68",""
"69",""
"70",""
"71","s.d."
"72",""
"76",""
"77",""
"78",""
"79",""
"80",""
"81",""
"82",""
"83",""
"84",""
"85",""
"86",""
"87",""
"88",""
"89",""
"90",""
"91",""
"93",""
"94",""
"95","1926"
"97",""
"98",""
"99",""
"100","1905"
"101","1910"
"102","1915"
"103","1910"
"104","1910"
"105","1915"
"106",""
"107",""
"108","1931"
"109",""
"110",""
"111",""
"112",""
"113",""
"114","1929"
"115",""
"116",""
"117",""
"118",""
"120",""
"121",""
"122",""
"124",""
"125",""
"126",""
"127",""
"130",""
"131",""
"132","1918"
"136","s.d."
"137",""
"138","1910"
"139",""
"140","1914"
"141",""
"142",""
"143",""
"145",""
"146",""
"147",""
"148","s.d."
"149",""
"150",""
"151","1910"
"152",""
"153",""
"154",""
"155",""
"156",""
"157",""
"159","1905"
"160","s.d."
"161","s.d."
"163",""
"164",""
"165",""
"166",""
"167",""
"168",""
"169","s.d."
"170",""
"171",""
"172","1927"
"173","1927"
"174","1930"
"175","1930"
"176","1930"
"177","1931"
"178","1931"
"179",""
"180",""
"182","s.d."
"183",""
"184",""
"185","s.d."
"187",""
"188",""
"189",""
"190","s.d."
"191","s.d."
"192","1931"
"193","s.d."
"194",""
"195",""
"196","1929"
"197","s.d."
"198","1929"
"199","s.d."
"200","s.d."
"201","1929"
"207",""
"208",""
"209","s.d."
"210",""
"211",""
"212",""
"213",""
"217",""
"221",""
"224",""
"225",""
"226",""
"227",""
"228",""
"229",""
"230",""
"231",""
"232",""
"233",""
"234",""
"235",""
"236",""
"237",""
"239","1929"
"240",""
"241",""
"242",""
"243",""
"244",""
"246",""
"247",""
"248",""
"249",""
"250",""
"251",""
"252",""
"253",""
"254",""
"255",""
"256",""
"257","s.d."
"258","s.d."
"259","s.d."
"260",""
"261","s.d."
"262","s.d."
"263","s.d."
"264","s.d."
"265","s.d."
"266","s.d."
"267","s.d."
"268","s.d."
"269","s.d."
"270","s.d."
"272","s.d."
"273","s.d."
"274",""
"275",""
"277",""
"278",""
"279",""
"280",""
"281",""
"282",""
"283",""
"284",""
"285",""
"286",""
"287",""
"288",""
"289",""
"291","s.d."
"292",""
"293",""
"294",""
"295",""
"296","1918"
"297","s.d."
"298","1905"
"299",""
"300",""
"301",""
"302","1913"
"303",""
"304",""
"305",""
"306",""
"307",""
"308",""
"309","1913"
"310","1917"
"311","s.d."
"312","1917"
"313","1917"
"314","s.d."
"315","1917"
"316","1923"
"317","1923"
"318","1923"
"319","1918"
"320","s.d."
"321","1923"
"322","1919"
"323","s.d."
"325","1924"
"327","1923"
"328",""
"329","1925"
"330","1926"
"331","s.d."
"332","1909"
"333","s.d."
"334","s.d."
"335","s.d."
"336","1923"
"337","s.d."
"338","1915"
"339",""
"340",""
"341",""
"342",""
"343",""
"344",""
"345",""
"346",""
"347",""
"348","s.d."
"349",""
"350",""
"352",""
"353",""
"354",""
"355",""
"359",""
"360",""
"361",""
"362",""
"364",""
"365",""
"366",""
"367",""
"368",""
"369",""
"370",""
"371",""
"372",""
"373",""
"374",""
"375",""
"376",""
"377",""
"378",""
"379",""
"380",""
"381","s.d."
"382",""
"383","s.d."
"385",""
"386",""
"387","s.d."
"388","s.d."
"389","s.d."
"390","s.d."
"391","s.d."
"392","s.d."
"393",""
"394",""
"395",""
"397",""
"398",""
"399",""
"400","s.d."
"401",""
"402",""
"403",""
"404",""
"405","s.d."
"406","s.d"
"407","s.d."
"408",""
"409",""
"410",""
"411",""
"413","s.d"
"414","s.d."
"415",""
"416",""
"417",""
"418",""
"419",""
"420",""
"421",""
"422",""
"423",""
"425",""
"426",""
"427",""
"428",""
"430",""
"431",""
"432",""
"433",""
"434",""
"435",""
"436","1910"
"437","s.d."
"438",""
"439",""
"440",""
"441",""
"443",""
"444",""
"445","s.d."
"446","1931"
"447",""
"448",""
"449",""
"450",""
"451",""
"452","1926"
"453","1924"
"454",""
"455",""
"456",""
"457",""
"458",""
"459",""
"460",""
"461",""
"462",""
"463",""
"464",""
"465",""
"466",""
"467",""
"468",""
"469",""
"470",""
"471",""
"472",""
"473","s.d."
"474","s.d."
"475",""
"476",""
"477",""
"478",""
"479",""
"480",""
"481",""
"482",""
"483",""
"484",""
"485",""
"486",""
"487",""
"488",""
"489",""
"490",""
"491",""
"492",""
"493",""
"494",""
"495",""
"496",""
"497",""
"498",""
"499",""
"500",""
"501",""
"502",""
"504",""
"505",""
"506",""
"507",""
"508",""
"510","1923"
"511",""
"512",""
"513","1915"
"514","1905"
"515","1910"
"516",""
"517",""
"518",""
"520",""
"522",""
"523","1931"
"524",""
